{"type": "block", "layer": 2, "block": 0, "features": [{"geom": {"lines": [[-2587.7635680809617, -1031.227533834055, 141.68551635742188, -2566.546073136851, -962.7921369392425, 141.4912109375, -2510.429917829111, -861.8424952700734, 136.963623046875, -2468.685108780861, -769.7944483263418, 146.46185302734375, -2457.386180466041, -742.4233373124152, 144.973388671875, -2444.0389735195786, -716.4158222340047, 143.61419677734375, -2443.0148342046887, -686.2976473327726, 143.1688232421875, -2494.344251409173, -603.8324741367251, 144.38987731933594, -2610.6953831855208, -373.18639518879354, 145.78515625, -2624.0537220798433, -325.66921858955175, 144.5831756591797, -2615.3374059516937, -285.0290412334725, 145.50677490234375]]}, "mtl": {"idx": 0}}, {"geom": {"lines": [[-2064.9961073677987, 2368.205681670457, 150.21241760253906, -2326.6080426815897, 2410.536016910337, 149.0, -2581.6298641394824, 2444.603139261715, 148.49903869628906, -2852.5926366802305, 2474.6750996345654, 145.76416015625, -2976.847452301532, 2485.9399339361116, 144.0, -3126.9061258919537, 2495.7235922031105, 142.81869506835938, -3202.1803655661643, 2499.446063026786, 144.2169647216797, -3391.701798642054, 2505.9944977043197, 144.27520751953125, -3488.149005467072, 2506.735094828531, 145.62973022460938, -3621.1757969632745, 2505.2344112526625, 144.0, -3899.4633919987828, 2502.3694706829265, 144.78558349609375, -4095.029473422095, 2497.3996783215553, 144.42823791503906, -4179.721342017874, 2493.716187211685, 143.7391357421875, -5230.431433910504, 2421.0431984411553, 141.94924926757812]]}, "mtl": {"idx": 0}}, {"geom": {"lines": [[-1938.9379159938544, 2342.792000022717, 148.6488037109375, -2064.9961073677987, 2368.205681670457, 150.21241760253906]]}, "mtl": {"idx": 0}}, {"geom": {"lines": [[5230.431433910504, -616.0911423088983, 142.30636596679688, 5175.379421113059, -578.7985784560442, 142.05191040039062, 5085.177237723023, -520.2559628868476, 141.59974670410156, 4954.900037648156, -434.0874439710751, 141.9431610107422, 4793.074893882498, -335.390878604725, 142.18922424316406, 4489.940788501874, -163.5358535386622, 141.96563720703125, 4306.564191319048, -60.82236336637288, 142.3036651611328, 4183.23332747072, 3.919784781523049, 142.73939514160156, 4116.675403924659, 35.891655436716974, 142.48223876953125, 3998.431840803474, 95.51048584561795, 142.88723754882812, 3872.1398784983903, 153.96076357830316, 142.9794921875, 3585.9040718227625, 273.6488206833601, 142.7820587158203, 2474.701782776043, 727.5371784912422, 143.3482666015625, 191.14940838515759, 1654.3350268471986, 144.4081268310547, -592.5620706956834, 1962.434734294191, 142.7505340576172, -764.0386143140495, 2027.271693459712, 145.18455505371094, -900.1823515556753, 2074.043505754322, 144.75711059570312, -1181.0302948784083, 2158.7012019380927, 145.9598846435547, -1472.709624653682, 2235.603306430392, 148.83580017089844, -1669.6560677643865, 2282.3373950403184, 150.31045532226562, -1938.9379159938544, 2342.792000022717, 148.6488037109375]]}, "mtl": {"idx": 0}}, {"geom": {"lines": [[-0.15313654206693172, -409.871249162592, 144.0, -20.48007556051016, -562.8041172847152, 141.0203094482422, -34.027657590806484, -588.9290362270549, 140.46551513671875, -64.99673992954195, -609.2678384976462, 141.4390106201172, -100.80822011828423, -617.9761025086045, 141.7100372314453, -245.99110000953078, -609.2678384976462, 142.0, -330.19316284544766, -585.0521895252168, 142.26800537109375, -407.62700064107776, -553.1217051846907, 144.45411682128906, -580.873524164781, -499.89744581095874, 144.0, -708.6349037457258, -472.79813125077635, 143.65399169921875, -806.5737917460501, -464.0507406722754, 142.50767517089844, -850.5004628133029, -460.11538579687476, 143.080078125, -990.2843474019319, -447.6274395575747, 144.806640625, -1208.0586672406644, -434.0679619470611, 144.61997985839844, -1351.1710046045482, -411.1181025477126, 142.05279541015625, -1515.845927335322, -384.7198358140886, 142.44546508789062, -1702.7958801742643, -378.1348667414859, 143.94036865234375, -1790.7160140015185, -375.0372018478811, 144.9259490966797, -2130.440836004913, -328.5720802685246, 143.00660705566406, -2542.7570979539305, -288.8865552144125, 145.60739135742188, -2615.3374059516937, -285.0290412334725, 145.50677490234375]]}, "mtl": {"idx": 0}}, {"geom": {"lines": [[-2308.752396358177, 336.25051979441196, 143.73052978515625, -2152.5934146735817, 315.6560053844005, 144.1610565185547, -2039.359228638932, 304.998316898942, 145.48236083984375, -1893.2078691758215, 286.6055579818785, 144.72483825683594, -1769.320407871157, 262.4066766500473, 144.26507568359375, -1577.6839044727385, 217.8863873006776, 144.1038818359375, -1300.8657267168164, 149.1678242571652, 143.0, -1230.2112459093332, 126.91771376971155, 143.57696533203125, -1196.3367248605937, 105.62235244642943, 143.27029418945312, -1170.210040371865, 85.30121576599777, 143.1254425048828, -1149.8831013534218, 55.2969500310719, 144.0467071533203, -1136.3355193231255, 27.22163485735655, 144.2427978515625, -1124.7137644831091, -6.659543818794191, 144.0091094970703, -1092.776202576235, -24.077412577345967, 143.73391723632812, -1007.605660168454, -48.275326531380415, 143.2958984375, -833.3906570784748, -60.86132928729057, 143.02523803710938, -789.8313403315842, -73.44731165934354, 142.7577667236328, -711.4401549156755, -119.89447577204555, 142.4848175048828, -645.7727872952819, -152.76191118359566, 142.62387084960938, -579.3818429876119, -171.25100018829107, 142.23098754882812, -530.7908852547407, -175.34236272703856, 143.73428344726562, -449.3495457917452, -156.19087094813585, 143.5095977783203, -382.9697334319353, -144.55967742670327, 142.82386779785156, -308.3634107019752, -154.80759759061038, 141.8126220703125, -192.70245976746082, -169.867729508318, 143.93246459960938, -70.88554099202156, -146.60536598972976, 141.78147888183594, 137.8496361952275, -132.90898371487856, 140.2157440185547, 328.7959587536752, -117.86826299410313, 142.3259735107422]]},